Long,Lat,FID,EVENTSTA,eventend,SIMULATI,SIMULAT1,UNIQUEAS,assetid,NETWORKM,ASSETNAM,TREATMEN,ESTIMATE,OSISERVI,STRUCTUR,INTERIOR,SERVICES,OSI,SUBSTRUC,SUPESTRU,ROOFCOND,FITTINGS,FLOORCON,HYDRAULI,MECHANIC,FIRECOND,ELECTRIC,SECURITY,SITESERV,EXTERNAL
116.004081004766,-31.9957543635136,"0","1577836800000","1609372800000","0","2020",BD_5015-01,BD_5015-01,"55915",BD_5015-01 - Darling Range Pony Club - Shed, ,0,0,3,2,2,2,2,3,3,3,1,3,2,1,1,1,1,3
116.071029106945,-31.9920666283194,"1","1577836800000","1609372800000","0","2020",BD_5016-04,BD_5016-04,"193597",BD_5016-04 - Depot buildings - Muster Room, ,0,0,4,4,4,4,5,3,3,5,3,3,4,5,3,5,3,3
116.071660983429,-31.9920427893417,"2","1577836800000","1609372800000","0","2020",BD_5016-26,BD_5016-26,"42446",BD_5016-26 - Depot buildings - Maintenance Store, ,0,0,4,5,4,4,4,3,4,5,4,3,3,3,5,4,4,5
116.070910486254,-31.9923635720752,"3","1577836800000","1609372800000","0","2020",BD_5016-24,BD_5016-24,"670534",BD_5016-24 - Depot buildings - Workshop, ,0,0,4,4,4,4,3,5,5,4,4,5,4,3,5,4,4,5
116.081568339434,-32.003223940573,"4","1577836800000","1609372800000","0","2020",BD_5054-07,BD_5054-07,"97757",BD_5054-07 - Kalamunda Pistol Club - Toilets, ,0,0,3,3,3,3,3,2,3,2,4,2,3,3,4,4,3,4
116.075589134082,-32.0010594641068,"5","1577836800000","1609372800000","0","2020",BD_5103-00,BD_5103-00,"350150",BD_5103-00 - Walliston Hall - (Walliston Hall), ,0,0,5,5,6,5,6,4,5,4,5,4,6,6,6,4,5,4
116.073750623943,-31.9984128442011,"6","1577836800000","1609372800000","0","2020",BD_5105-00,BD_5105-00,"367268",BD_5105-00 - Grove Road Centre - (Walliston Pre-School), ,0,0,3,3,3,3,2,2,4,2,3,4,2,3,2,4,2,3
116.070683805437,-31.9924659972102,"7","1577836800000","1609372800000","0","2020",BD_5016-08,BD_5016-08,"33049",BD_5016-08 - Depot buildings - Bin Store and Shelter, ,0,0,4,5,4,4,5,3,4,5,4,5,3,5,4,4,5,3
116.085004391876,-32.0182115611242,"8","1577836800000","1609372800000","0","2020",BD_5011-00,BD_5011-00,"56571",BD_5011-00 - Carmel School (SCOUTS) - (School Hall), ,0,0,6,6,6,6,6,6,6,6,6,6,6,5,6,5,6,6
116.081899230692,-32.0028877123602,"9","1577836800000","1609372800000","0","2020",BD_5054-04,BD_5054-04,"51817",BD_5054-04 - Kalamunda Pistol Club - Range 1 Shelter, ,0,0,4,3,3,3,3,4,4,3,2,4,3,2,3,3,2,3
116.071398094046,-31.9920544998187,"10","1577836800000","1609372800000","0","2020",BD_5016-25,BD_5016-25,"95505",BD_5016-25 - Depot buildings - Tractor Shed, ,0,0,4,5,4,4,5,3,3,5,4,5,4,3,4,4,3,4
116.090542206374,-32.0194630772152,"11","1577836800000","1609372800000","0","2020",BD_5010-00,BD_5010-00,"389971",BD_5010-00 - Carmel Hall - Carmel Hall, ,0,0,5,5,3,4,5,4,5,5,5,3,3,4,3,3,3,3
116.072958507285,-31.9923760454023,"12","1577836800000","1609372800000","0","2020",BD_5017-00,BD_5017-00,"266225",BD_5017-00 - Dog pound - (Dog Pound), ,0,0,3,3,3,3,2,3,4,3,2,3,4,2,3,2,4,3
116.081457945249,-32.001831127862,"13","1577836800000","1609372800000","0","2020",BD_5055-00,BD_5055-00,"10658",BD_5055-00 - Kalamunda Rifle Club - (Kalamunda Small Bore Rifle Club Clubrooms), ,0,0,2,2,2,2,3,1,2,1,3,1,3,2,3,2,3,2
116.081836065473,-32.0030944923058,"14","1577836800000","1609372800000","0","2020",BD_5054-05,BD_5054-05,"49350",BD_5054-05 - Kalamunda Pistol Club - Range 2 Shelter, ,0,0,4,3,3,4,4,4,4,2,3,4,3,3,2,3,3,4
116.072161667189,-31.9924918114646,"15","1577836800000","1609372800000","0","2020",BD_5006-01,BD_5006-01,"269908",BD_5006-01 - Fire Brigade buildings - SES/Volunteer Fire Brigade - Garage, ,0,0,2,2,2,2,3,1,3,2,1,2,2,1,1,1,1,1
116.060732134204,-31.9791070527628,"16","1577836800000","1609372800000","0","2020",BD_5056-12,BD_5056-12,"56191",BD_5056-12 - Kalamunda Wet N Wild - Slides - Plant Room, ,0,0,1,1,1,1,1,1,1,1,1,1,1,2,1,2,1,1
116.059900142442,-31.971150850012,"17","1577836800000","1609372800000","0","2020",BD_5052-00,BD_5052-00,"2672479",BD_5052-00 - Kalamunda Library - Kalamunda Library, ,0,0,4,5,4,4,3,5,5,4,5,3,3,5,3,3,5,5
116.057252892278,-31.9743814171875,"18","1577836800000","1609372800000","0","2020",BD_5117-02,BD_5117-02,"52424",BD_5117-02 - Mens Shed - Garage, ,0,0,3,4,3,3,2,3,3,3,4,3,3,2,4,3,4,3
116.001658233803,-31.9947201628513,"19","1577836800000","1609372800000","0","2020",BD_5026-00,BD_5026-00,"342000",BD_5026-00 - Forrestfield Tennis Club - Forrestfield  Tennis Club, ,0,0,3,4,4,3,4,2,2,3,4,4,4,2,4,2,4,3
116.059190732035,-31.9698612281152,"20","1577836800000","1609372800000","0","2020",BD_5037-10,BD_5037-10,"133989",BD_5037-10 - History Village - McCullagh Cottage, ,0,0,6,5,6,6,6,5,6,5,5,6,6,5,6,6,6,6
116.054646732133,-31.9760304916064,"21","1577836800000","1609372800000","0","2020",BD_5078-00,BD_5078-00,"1068932",BD_5078-00 - Kostera Oval - (Pat Moran Pavilion), ,0,0,3,4,3,3,3,4,3,5,3,3,4,3,3,4,3,4
116.043067258689,-32.0029015064597,"22","1577836800000","1609372800000","0","2020",BD_5047-02,BD_5047-02,"73244",BD_5047-02 - Kalamunda BMX Track - Starting Shelter, ,0,0,2,2,3,3,2,3,2,2,2,4,2,2,3,4,4,3
115.992480189722,-31.9968441694034,"23","1577836800000","1609372800000","0","2020",BD_5102-00,BD_5102-00,"350548",BD_5102-00 - Vintage Car Club - House - (Residence), ,0,0,2,4,3,3,2,2,3,4,4,2,3,2,3,2,3,3
116.058994362823,-31.9694897883684,"24","1577836800000","1609372800000","0","2020",BD_5037-05,BD_5037-05,"98510",BD_5037-05 - History Village - Horse-drawn Carriage Shed, ,0,0,2,2,3,2,2,1,3,2,1,3,3,3,1,2,3,1
116.002399750734,-31.994621752318,"25","1577836800000","1609372800000","0","2020",BD_5020-01,BD_5020-01,"33158",BD_5020-01 - Forrestfield Bowling Club - Shed, ,0,0,2,3,2,2,3,3,1,2,3,2,2,3,2,1,1,1
116.005309781195,-31.9472442715631,"26","1577836800000","1609372800000","0","2020",BD_5036-00,BD_5036-00,"1642118",BD_5036-00 - High Wycombe Rec Centre - High Wycombe Community &  Recreation Centre, ,0,0,2,3,3,2,3,2,1,3,3,2,2,3,3,2,3,3
116.016710378565,-31.9872281810881,"27","1577836800000","1609372800000","0","2020",BD_5003-01,BD_5003-01,"41684",BD_5003-01 - Anderson Road Community Centre (Primary School) - Shed/Workshop, ,0,0,2,3,2,2,3,1,3,2,3,1,2,3,2,1,2,1
116.016814441317,-31.9865900073331,"28","1577836800000","1609372800000","0","2020",BD_5079-00,BD_5079-00,"1505693",BD_5079-00 - Peter Anderton Centre (HACC) - (Peter Anderton Centre (HACC)), ,0,0,3,3,3,3,3,3,2,2,3,3,2,2,3,2,3,2
116.000198126664,-31.993907391394,"29","1577836800000","1609372800000","0","2020",BD_5024-00,BD_5024-00,"1818879",BD_5024-00 - Forrestfield Rugby Club - Forrestfield Rugby Club, ,0,0,4,3,3,3,4,4,4,3,3,4,3,4,2,2,2,3
116.059133622039,-31.9696777367858,"30","1577836800000","1609372800000","0","2020",BD_5037-07,BD_5037-07,"181367",BD_5037-07 - History Village - Ellis Cottage, ,0,0,6,6,6,6,6,5,6,6,5,6,5,6,6,6,6,5
116.04312668878,-32.0022367004715,"31","1577836800000","1609372800000","0","2020",BD_5060-00,BD_5060-00,"1281648",BD_5060-00 - Lesmurdie Hall - (Lesmurdie Hall (Ray Owen)), ,0,0,4,3,4,4,4,4,4,3,3,3,4,4,5,5,3,3
116.081207581028,-32.001889382081,"32","1577836800000","1609372800000","0","2020",BD_5055-02,BD_5055-02,"44932",BD_5055-02 - Kalamunda Rifle Club - Equipment Shed, ,0,0,2,2,3,2,3,1,3,2,1,3,3,3,2,2,2,3
116.000136920226,-31.9944023383505,"33","1577836800000","1609372800000","0","2020",BD_5025-00,BD_5025-00,"416562",BD_5025-00 - Forrestfield Scout Hall - Forrestfield Scout Group, ,0,0,3,4,4,3,3,4,2,3,4,3,4,4,3,2,3,4
116.044838778728,-32.0023878580114,"34","1577836800000","1609372800000","0","2020",BD_5085-02,BD_5085-02,"344430",BD_5085-02 - Ray Owen Pavilion - Ray Owen Oval - Changerooms (detached), ,0,0,3,3,2,3,3,3,4,3,2,2,2,2,3,2,4,2
116.060966816549,-31.9767203984162,"35","1577836800000","1609372800000","0","2020",BD_5057-00,BD_5057-00,"397309",BD_5057-00 - Kalamunda Tennis Club - Clubroom, ,0,0,2,3,2,2,1,3,2,2,3,2,1,2,2,1,1,2
116.054535633147,-31.9698533303553,"36","1577836800000","1609372800000","0","2020",BD_5049-00,BD_5049-00,"2255027",BD_5049-00 - Kalamunda Club - Kalamunda Club, ,0,0,5,5,5,5,5,5,6,6,4,5,5,4,5,5,6,4
116.082916866207,-32.0055855571915,"37","1577836800000","1609372800000","0","2020",BD_5002-00,BD_5002-00,"32141",BD_5002-00 - Alan Anderson Public (WC) - Anderson Reserve - Public Toilet, ,0,0,3,2,2,3,3,3,3,1,3,1,3,2,2,1,1,3
116.062862009817,-31.9797351598329,"38","1577836800000","1609372800000","0","2020",BD_5041-00,BD_5041-00,"327445","BD_5041-00 - HOUSE - 36 Collins Road - Residence (36 Collins Rd, Kalamunda)", ,0,0,3,5,4,4,3,3,3,5,5,4,3,5,3,5,4,5
116.084898727081,-32.0179750908422,"39","1577836800000","1609372800000","0","2020",BD_5011-01,BD_5011-01,"104697",BD_5011-01 - Carmel School (SCOUTS) - Double Garage, ,0,0,1,3,3,2,1,1,2,2,3,2,3,2,3,2,1,3
116.015293951562,-31.9418962387115,"40","1577836800000","1609372800000","0","2020",BD_5034-00,BD_5034-00,"365121",BD_5034-00 - High Wycombe Learning Centre - High Wycombe Learning Centre, ,0,0,4,4,4,4,4,5,4,4,4,5,5,4,3,5,3,5
116.01687159907,-31.9869905040787,"41","1577836800000","1609372800000","0","2020",BD_5003-02,BD_5003-02,"234018",BD_5003-02 - Anderson Road Community Centre (Primary School) - Transportable, ,0,0,3,2,2,2,3,2,3,2,1,1,3,3,1,1,2,1
116.062150042319,-31.9792575752496,"42","1577836800000","1609372800000","0","2020",BD_5056-00,BD_5056-00,"612966",BD_5056-00 - Kalamunda Wet N Wild - (Office & Kiosk), ,0,0,4,4,4,4,4,3,5,3,5,3,3,3,5,5,3,3
116.061488729874,-31.9789136235453,"43","1577836800000","1609372800000","0","2020",BD_5056-04,BD_5056-04,"16431",5056-04 - Kalamunda Wet N Wild - Shelters / Stands, ,0,0,3,5,4,3,3,3,3,4,5,4,5,3,5,3,3,5
116.009314954778,-31.9853882706249,"44","1577836800000","1609372800000","0","2020",BD_5023-00,BD_5023-00,"1609700",BD_5023-00 - Forrestfield Library - Forrestfield Library, ,0,0,4,5,5,5,4,5,4,5,5,4,4,6,4,6,6,5
116.075745716769,-32.0001015102425,"45","1577836800000","1609372800000","0","2020",BD_5104-00,BD_5104-00,"119094",BD_5104-00 - Walliston Pony Club - (Clubhouse & Toilet Block), ,0,0,3,3,3,3,2,2,4,4,2,3,3,4,2,2,4,3
116.008512722189,-31.9434572602905,"46","1577836800000","1609372800000","0","2020",BD_5083-01,BD_5083-01,"234988",BD_5083-01 - Rangeview Tennis Club - Toilets, ,0,0,3,3,3,3,2,3,4,3,2,4,2,3,4,2,2,3
116.072345768126,-31.9923650762746,"47","1577836800000","1609372800000","0","2020",BD_5016-11,BD_5016-11,"7698712",BD_5016-11 - Depot buildings - Poisons Shed, ,0,0,4,5,4,4,5,3,3,4,5,3,4,4,4,5,3,3
116.028106560066,-31.9472531859479,"48","1577836800000","1609372800000","0","2020",BD_5046-01,BD_5046-01,"45174",BD_5046-01 - Kalamunda Archery Club - Equipment Shed, ,0,0,2,2,2,2,2,1,2,3,1,3,1,2,2,2,3,3
116.055621569541,-31.9976786257383,"49","1577836800000","1609372800000","0","2020",BD_5018-00,BD_5018-00,"547176",BD_5018-00 - Falls Farm - Falls Farm Cottage, ,0,0,6,6,6,6,5,6,6,6,5,6,6,6,5,6,6,5
116.007786576705,-31.9883697402233,"50","1577836800000","1609372800000","0","2020",BD_5107-00,BD_5107-00,"954632",BD_5107-00 - Woodlupine Community Centre - (Woodlupine Community Centre), ,0,0,2,1,2,2,3,2,1,1,1,2,3,1,1,3,3,1
116.050321481287,-31.9923867429809,"51","1577836800000","1609372800000","0","2020",BD_5064-00,BD_5064-00,"501163",BD_5064-00 - Lesmurdie Tennis Club - (Lesmurdie  Tennis Club), ,0,0,3,3,2,3,4,2,3,3,2,2,2,2,3,4,4,2
116.065503643904,-31.9719888297422,"52","1577836800000","1609372800000","0","2020",BD_5043-00,BD_5043-00,"876886",BD_5043-00 - Jorgensen Park Pavilion - Hedley Jorgensen Pavilion, ,0,0,3,4,4,3,3,3,3,5,3,5,4,4,3,5,4,4
116.055154079278,-31.9693594222618,"53","1577836800000","1609372800000","0","2020",BD_5097-01,BD_5097-01,"44579",BD_5097-01 - Stirk Park Public (WC) - Public Toilet, ,0,0,4,3,4,4,4,5,4,3,3,5,4,3,5,5,3,5
116.044806374333,-32.0022156399296,"54","1577836800000","1609372800000","0","2020",BD_5085-00,BD_5085-00,"1615497",BD_5085-00 - Ray Owen Pavilion - (Ray Owen Pavilion), ,0,0,3,3,2,3,3,3,3,2,3,2,2,3,2,2,4,3
116.050677082145,-31.992583895647,"55","1577836800000","1609372800000","0","2020",BD_5094-00,BD_5094-00,"377651",BD_5094-00 - SKAMP - 5094(Hall (SKAMP)), ,0,0,5,5,5,5,4,4,6,6,4,5,5,5,5,4,4,5
116.057881797608,-31.9560889302708,"56","1577836800000","1609372800000","0","2020",BD_5028-00,BD_5028-00,"594073",BD_5028-00 - Gooseberry Hill Multi Use Hall - Gooseberry Hill Multi-Use Centre, ,0,0,2,2,2,2,1,1,3,2,2,2,2,2,3,1,1,1
116.059652369358,-31.9704031033869,"57","1577836800000","1609372800000","0","2020",BD_5037-12,BD_5037-12,"389929",BD_5037-12 - History Village - School House, ,0,0,6,6,6,6,6,6,5,6,5,6,6,6,5,6,6,6
116.062361644414,-31.9789729464132,"58","1577836800000","1609372800000","0","2020",BD_5090-00,BD_5090-00,"2984166",BD_5090-00 - Rollerama - (Rollerama Building), ,0,0,3,4,3,3,3,4,3,4,3,4,3,2,4,3,3,4
116.064872037834,-31.9721639886922,"59","1577836800000","1609372800000","0","2020",BD_5044-00,BD_5044-00,"99477",BD_5044-00 - Jorgensen Park - Public Toilet, ,0,0,3,3,3,3,3,4,2,3,3,3,2,2,4,2,3,3
116.050757928584,-31.9924673452407,"60","1577836800000","1609372800000","0","2020",BD_5095-00,BD_5095-00,"7619",BD_5095-00 - SKAMP Public (WC) - 5095(Public Toilet), ,0,0,4,5,4,4,5,3,4,5,5,4,5,4,4,5,4,5
116.056935597976,-31.9742018570685,"61","1577836800000","1609372800000","0","2020",BD_5013-00,BD_5013-00,"313618",BD_5013-00 - Community Centre (POLICE) - (Police Station), ,0,0,5,6,5,5,6,5,5,6,6,6,5,5,5,6,6,6
116.061413789427,-31.9776594424567,"62","1577836800000","1609372800000","0","2020",BD_5001-01,BD_5001-01,"95187",BD_5001-01 - Administration Buildings - Green Room, ,0,0,3,3,3,3,2,4,4,3,3,4,2,2,2,4,2,2
116.002274564446,-31.9939408746813,"63","1577836800000","1609372800000","0","2020",BD_5020-00,BD_5020-00,"1244582",BD_5020-00 - Forrestfield Bowling Club - Forrestfield Bowling Club, ,0,0,3,2,4,3,4,4,2,2,2,4,4,4,2,4,2,3
115.997520278375,-31.9745334207376,"64","1577836800000","1609372800000","0","2020",BD_5082-00,BD_5082-00,"675194",BD_5082-00 - Pioneer Park Pavilion - (Pioneer Park Pavilion), ,0,0,2,2,2,2,1,3,2,2,1,2,2,2,3,2,3,3
115.996510068327,-31.994641353314,"65","1577836800000","1609372800000","0","2020",BD_5088-00,BD_5088-00,"1244377",BD_5088-00 - Reid Oval Pavilion - (Pavilion), ,0,0,4,4,4,4,4,5,4,4,4,5,3,3,4,4,5,3
116.043418041202,-32.0029994647058,"66","1577836800000","1609372800000","0","2020",BD_5047-00,BD_5047-00,"371069",BD_5047-00 - Kalamunda BMX Track - (Ray Owen BMX Club), ,0,0,3,2,2,3,2,3,3,2,2,2,3,2,2,4,3,4
116.004865582936,-31.9960969916137,"67","1577836800000","1609372800000","0","2020",BD_5015-00,BD_5015-00,"1099391",BD_5015-00 - Darling Range Pony Club - Darling Range Horse & Pony Club, ,0,0,3,4,3,3,4,2,2,3,4,3,2,2,4,3,3,3
116.057742205312,-31.9566446341615,"68","1577836800000","1609372800000","0","2020",BD_5027-00,BD_5027-00,"1227596",BD_5027-00 - Gooseberry Hill Hall (CHC) - Gooseberry Hill Hall, ,0,0,3,3,3,3,4,2,2,3,3,4,2,2,4,2,4,2
116.0546803143,-31.9701903701392,"69","1577836800000","1609372800000","0","2020",BD_5096-00,BD_5096-00,"120582",BD_5096-00 - Stirk Cottage - (Stirk Cottage), ,0,0,5,6,6,6,5,5,6,6,6,5,6,5,6,6,6,6
116.062033990162,-31.9790326072489,"70","1577836800000","1609372800000","0","2020",BD_5056-03,BD_5056-03,"412112",BD_5056-03 - Kalamunda Wet N Wild - Swimming Pool Changerooms & Toilets, ,0,0,4,5,5,5,5,4,4,5,5,5,4,5,5,4,5,5
116.008468768919,-31.9433418160932,"71","1577836800000","1609372800000","0","2020",BD_5083-00,BD_5083-00,"63250",BD_5083-00 - Rangeview Tennis Club - (Clubroom), ,0,0,4,3,3,3,3,4,4,2,3,3,3,2,3,2,3,3
115.993362963621,-31.9975559846002,"72","1577836800000","1609372800000","0","2020",BD_5101-01,BD_5101-01,"1057001",BD_5101-01 - Vintage Car Club - Workshop, ,0,0,2,2,2,2,1,2,2,3,1,3,2,1,3,1,2,1
116.057167734374,-31.9740492957426,"73","1577836800000","1609372800000","0","2020",BD_5117-00,BD_5117-00,"57097",BD_5117-00 - Mens Shed - (Old Vehicle Inspection Station), ,0,0,3,3,3,3,3,3,3,2,4,2,3,4,2,2,2,4
116.059185375768,-31.9700318874319,"74","1577836800000","1609372800000","0","2020",BD_5037-01,BD_5037-01,"61507",BD_5037-01 - History Village - 1903-1927 Railway Station, ,0,0,6,6,6,6,6,6,6,6,6,6,6,5,6,5,6,6
116.057621836593,-31.9744215471564,"75","1577836800000","1609372800000","0","2020",BD_5048-00,BD_5048-00,"117294",BD_5048-00 - Kalamunda CHC - Kalamunda Child Health Centre, ,0,0,3,3,3,3,3,3,2,3,2,3,3,2,2,3,2,2
116.061300853736,-31.9773692223719,"76","1577836800000","1609372800000","0","2020",BD_5001-05,BD_5001-05,"109702",BD_5001-05 - Administration Buildings - Community Bus Garage, ,0,0,4,4,4,4,4,4,5,3,4,5,5,3,3,3,4,5
116.029167107531,-31.9490288093321,"77","1577836800000","1609372800000","0","2020",BD_5067-00,BD_5067-00,"430987",BD_5067-00 - Maida Vale Preschool - (Maida Vale Pre-school), ,0,0,3,3,3,3,3,2,3,2,4,4,4,2,2,2,3,4
115.992743620947,-31.997365495177,"78","1577836800000","1609372800000","0","2020",BD_5101-00,BD_5101-00,"1495734",BD_5101-00 - Vintage Car Club - (Vintage Car Club), ,0,0,3,3,4,3,3,4,3,2,4,4,3,3,4,3,4,4
116.016897010889,-31.9873504983536,"79","1577836800000","1609372800000","0","2020",BD_5003-00,BD_5003-00,"943317",BD_5003-00 - Anderson Road Community Centre (Primary School) - Community Centre, ,0,0,5,4,4,4,4,5,5,3,5,4,4,5,3,5,4,4
116.08491685777,-32.018108496953,"80","1577836800000","1609372800000","0","2020",BD_5011-03,BD_5011-03,"14006",BD_5011-03 - Carmel School (SCOUTS) - Store Shed, ,0,0,2,3,1,2,2,2,3,3,3,1,1,1,1,3,1,2
116.045748412337,-32.0094729762807,"81","1577836800000","1609372800000","0","2020",BD_5059-00,BD_5059-00,"548989",BD_5059-00 - Lesmurdie Guide Hall - (Lesmurdie Girl Guides Hall & Toilet Block), ,0,0,4,3,4,4,5,3,5,3,3,3,4,4,4,4,4,3
116.059375551195,-31.9699586113331,"82","1577836800000","1609372800000","0","2020",BD_5037-02,BD_5037-02,"377145",BD_5037-02 - History Village - 1921-1972 Post Office, ,0,0,5,6,6,6,5,6,5,6,6,5,6,5,6,6,6,6
116.009654340892,-32.0011745452723,"83","1577836800000","1609372800000","0","2020",BD_5065-01,BD_5065-01,"385739",BD_5065-01 - Wattle Grove TAFE - Community Hall, ,0,0,3,4,3,3,2,4,2,4,4,2,4,2,2,2,3,4
116.005228047159,-31.9989383175602,"84","1577836800000","1609372800000","0","2020",BD_5030-04,BD_5030-04,"279804",BD_5030-04 - Hartfield Country Club - Pro Shop, ,0,0,3,3,3,3,3,3,2,3,2,2,2,3,3,2,4,3
116.061046367268,-31.9765951996406,"85","1577836800000","1609372800000","0","2020",BD_5057-01,BD_5057-01,"203996",BD_5057-01 - Kalamunda Tennis Club - Toilets, ,0,0,3,4,4,3,4,4,2,3,4,3,4,3,4,4,3,3
116.085254107173,-32.0182890388166,"86","1577836800000","1609372800000","0","2020",BD_5011-02,BD_5011-02,"13215",BD_5011-02 - Carmel School (SCOUTS) - Shelter Shed, ,0,0,6,5,5,6,6,6,6,5,5,6,5,5,5,5,5,6
116.057903276345,-31.9719743508515,"87","1577836800000","1609372800000","0","2020",BD_5099-00,BD_5099-00,"272450",BD_5099-00 - Town Square Hall - (Town Square Community Hall), ,0,0,2,3,1,2,3,1,2,2,3,1,1,1,1,1,2,3
116.075654885797,-31.9996619745823,"88","1577836800000","1609372800000","0","2020",BD_5104-01,BD_5104-01,"98251",BD_5104-01 - Walliston Pony Club - Walliston Riding & Pony Club Stables, ,0,0,2,2,2,2,2,3,2,1,2,3,3,2,1,3,2,3
116.016824832927,-31.9861997396893,"89","1577836800000","1609372800000","0","2020",BD_5022-00,BD_5022-00,"517586",BD_5022-00 - Forrestfield Hall - Forrestfield Hall, ,0,0,5,5,5,5,5,4,6,4,6,4,4,4,6,4,5,4
115.997255223282,-31.9938785837409,"90","1577836800000","1609372800000","0","2020",BD_5113-00,BD_5113-00,"1410832",BD_5113-00 - Forrestfield United Soccer Club - Pavilion - Forrestfield United Soccer Club, ,0,0,2,3,3,3,2,3,2,4,2,4,2,4,2,4,3,4
115.999555430807,-31.9946297561384,"91","1577836800000","1609372800000","0","2020",BD_5050-00,BD_5050-00,"752118",BD_5050-00 - Kalamunda Hockey Club - Kalamunda & Districts Hockey Club, ,0,0,3,3,3,3,2,3,3,2,3,2,2,2,4,2,3,4
116.06118256048,-31.9780434715413,"92","1577836800000","1609372800000","0","2020",BD_5001-00,BD_5001-00,"1780607",BD_5001-00 - Administration Buildings - (Office), ,0,0,2,1,2,2,1,2,2,1,1,3,1,1,3,2,3,1
116.054868463323,-31.9674214338914,"93","1577836800000","1609372800000","0","2020",BD_5076-00,BD_5076-00,"320870",BD_5076-00 - Overflow Cottage - (Overflow Cottage), ,0,0,5,6,6,5,5,5,5,6,6,5,6,6,5,6,6,6
116.001402392765,-31.994565641318,"94","1577836800000","1609372800000","0","2020",BD_5026-01,BD_5026-01,"90214",BD_5026-01 - Forrestfield Tennis Club - Toilets, ,0,0,2,3,2,2,3,2,2,3,2,2,3,2,2,2,3,4
116.081751229148,-32.0040839882625,"95","1577836800000","1609372800000","0","2020",BD_5106-02,BD_5106-02,"181865",BD_5106-02 - Waste Transfer Station - Transfer Structure, ,0,0,1,2,2,2,2,1,1,2,2,3,2,1,1,2,1,2
116.059187853708,-31.9694006934164,"96","1577836800000","1609372800000","0","2020",BD_5037-14,BD_5037-14,"27967",BD_5037-14 - History Village - Workshop, ,0,0,2,3,2,2,2,1,3,3,2,3,1,1,2,2,3,3
116.056474059783,-31.9688013440074,"97","1577836800000","1609372800000","0","2020",BD_5032-00,BD_5032-00,"246095",BD_5032-00 - Headingly Road House - Headingly Road House, ,0,0,6,6,6,6,6,6,6,6,6,6,6,6,5,6,6,5
116.075636124559,-32.000876249882,"98","1577836800000","1609372800000","0","2020",BD_5103-01,BD_5103-01,"73310",BD_5103-01 - Walliston Hall - Toilets, ,0,0,4,5,4,4,4,4,5,5,4,4,5,4,3,4,3,3
116.025784487703,-31.9482677914779,"99","1577836800000","1609372800000","0","2020",BD_5075-00,BD_5075-00,"2034546",BD_5075-00 - Norm Sadler Pavilion - (Norm Sadler Pavilion), ,0,0,3,2,3,3,4,2,3,2,2,3,3,3,4,3,2,3
116.045070057462,-32.0029331324949,"100","1577836800000","1609372800000","0","2020",BD_5084-00,BD_5084-00,"32698",BD_5084-00 - Ray Owen Oval Public (WC) - (Public Toilet), ,0,0,4,4,4,4,4,5,4,5,3,3,4,4,4,3,3,5
116.005200423322,-31.9411919426756,"101","1577836800000","1609372800000","0","2020",BD_5014-00,BD_5014-00,"1136757",BD_5014-00 - Cyril Road Hall - Cyril Road Hall, ,0,0,4,4,4,4,4,4,5,3,5,3,5,3,3,4,3,5
116.058415233255,-31.9721487743297,"102","1577836800000","1609372800000","0","2020",BD_5012-00,BD_5012-00,"1882884",BD_5012-00 - Central Hall (KADS) - Central Hall (KADS), ,0,0,5,6,5,5,6,4,4,6,6,5,4,4,5,5,4,5
116.045683692054,-32.009219992021,"103","1577836800000","1609372800000","0","2020",BD_5062-00,BD_5062-00,"753788",BD_5062-00 - Sanderson Road Centre - prev. Lesmurdie Preschool - (Sanderson Road Centre), ,0,0,4,4,3,4,4,4,4,4,4,4,3,4,2,3,3,3
116.004501885579,-31.9461687123875,"104","1577836800000","1609372800000","0","2020",BD_5092-00,BD_5092-00,"2371755",BD_5092-00 - Scott Reserve Pavilion - (Pavilion and Changerooms), ,0,0,3,2,2,2,3,2,3,1,2,3,1,1,3,2,1,2
116.061411206771,-31.9777687121022,"105","1577836800000","1609372800000","0","2020",BD_5001-03,BD_5001-03,"21900",BD_5001-03 - Administration Buildings - Store (Old Garage), ,0,0,3,4,4,3,3,3,3,4,3,5,5,3,3,3,4,5
116.003692763154,-31.9984132026249,"106","1577836800000","1609372800000","0","2020",BD_5030-02,BD_5030-02,"271550",BD_5030-02 - Hartfield Country Club - Greenkeepers Office & Storage shed, ,0,0,4,3,3,3,4,4,4,4,2,4,2,3,2,2,3,3
116.065200832604,-31.9721774419577,"107","1577836800000","1609372800000","0","2020",BD_5045-00,BD_5045-00,"110820",BD_5045-00 - Jorgensen Park Cottage - Hedley Jorgensen Cottage, ,0,0,5,4,4,4,5,4,5,4,3,4,3,3,5,5,5,5
116.050675857244,-31.9922444485099,"108","1577836800000","1609372800000","0","2020",BD_5063-00,BD_5063-00,"653778",BD_5063-00 - Lesmurdie Scout Group - (Lesmurdie Scout Hall), ,0,0,3,3,3,3,4,2,4,2,4,4,3,2,4,4,3,2
116.023150232787,-31.9473222202531,"109","1577836800000","1609372800000","0","2020",BD_5066-00,BD_5066-00,"847139",BD_5066-00 - Maida Vale Netball Club - 5066(Maida Vale Netball Clubrooms & Changerooms), ,0,0,3,3,3,3,3,3,2,2,4,2,3,3,4,3,3,3
116.004069527245,-31.9402443390388,"110","1577836800000","1609372800000","0","2020",BD_5035-00,BD_5035-00,"1166955",BD_5035-00 - High Wycombe Library - High Wycombe Library, ,0,0,3,3,4,3,3,4,3,4,2,3,4,4,3,3,2,3
116.026962801778,-31.9489326134965,"111","1577836800000","1609372800000","0","2020",BD_5071-00,BD_5071-00,"694094",BD_5071-00 - Maida Vale Tennis Club - (Maida Vale Tennis Club), ,0,0,3,3,3,3,3,3,3,3,2,2,4,3,4,2,3,3
116.054934926676,-31.9757324114167,"112","1577836800000","1609372800000","0","2020",BD_5051-00,BD_5051-00,"250229",BD_5051-00 - Kalamunda Lapidary Club - Kostera Oval - Kalamunda Lapidary Club, ,0,0,4,4,4,4,5,3,5,3,4,3,4,5,3,5,5,3
116.009940695805,-32.0024913168358,"113","1577836800000","1609372800000","0","2020",BD_5039-00,BD_5039-00,"303249",BD_5039-00 - HOUSE - 21 Lewis Road - Residence, ,0,0,4,4,4,4,3,5,5,5,3,4,3,5,3,3,3,5
116.046426238554,-32.0028541571886,"114","1577836800000","1609372800000","0","2020",BD_5085-01,BD_5085-01,"9001",BD_5085-01 - Ray Owen Pavilion - storage shed - Next to cricket practice net, ,0,0,3,3,3,3,4,2,4,3,2,3,3,4,3,3,3,3
116.056834443065,-31.976691351489,"115","1577836800000","1609372800000","0","2020",BD_5053-00,BD_5053-00,"2807707",BD_5053-00 - Kalamunda Performing Arts - (Kalamunda Peforming Arts Centre), ,0,0,4,5,5,4,5,3,4,5,5,5,4,4,5,4,5,4
116.057221513403,-31.9736341309498,"116","1577836800000","1609372800000","0","2020",BD_5042-00,BD_5042-00,"2507677",BD_5042-00 - Jack Healey Centre - Jack Healey Centre, ,0,0,3,3,3,3,3,3,4,2,4,2,2,3,3,2,3,4
115.996293325295,-31.9946560606188,"117","1577836800000","1609372800000","0","2020",BD_5087-00,BD_5087-00,"425247",BD_5087-00 - Reid Oval Change rooms - (Reid Oval - Changerooms & Toilets), ,0,0,3,3,3,3,3,3,3,2,4,4,3,3,2,3,4,4
116.059370686653,-31.9697461119212,"118","1577836800000","1609372800000","0","2020",BD_5037-06,BD_5037-06,"185074",BD_5037-06 - History Village - Chambers House, ,0,0,5,6,6,5,5,6,5,6,6,5,6,6,5,5,6,6
116.016762408025,-31.9863730710727,"119","1577836800000","1609372800000","0","2020",BD_5079-01,BD_5079-01,"13001",BD_5079-01 - Peter Anderton Centre (HACC) - Store Shed, ,0,0,3,2,2,3,3,3,3,2,2,3,3,1,1,3,1,2
116.000707242627,-31.9924835630505,"120","1577836800000","1609372800000","0","2020",BD_5072-00,BD_5072-00,"383135","BD_5072-00 - Morrison Oval - (Cricket Club Pavillion, level 1)", ,0,0,2,3,3,3,2,2,3,4,2,3,2,3,3,2,3,3
116.028313685234,-31.9467982252816,"121","1577836800000","1609372800000","0","2020",BD_5046-00,BD_5046-00,"368830",BD_5046-00 - Kalamunda Archery Club - Clubrooms, ,0,0,3,3,3,3,2,3,3,4,2,2,4,2,4,4,3,2
116.061538150001,-31.9785835735036,"122","1577836800000","1609372800000","0","2020",BD_5056-02,BD_5056-02,"81044",BD_5056-02 - Kalamunda Wet N Wild - Main Pool - Plant Room, ,0,0,4,4,4,4,3,3,5,4,3,4,3,5,4,3,4,3
116.059264222128,-31.9695157508645,"123","1577836800000","1609372800000","0","2020",BD_5037-11,BD_5037-11,"74744",BD_5037-11 - History Village - Orchard Shed, ,0,0,2,3,2,2,3,1,3,3,3,3,2,2,1,3,2,3
116.055081671232,-31.9693617930986,"124","1577836800000","1609372800000","0","2020",BD_5097-00,BD_5097-00,"33420",BD_5097-00 - Stirk Park Public (WC) - (Disabled Toilet), ,0,0,2,2,2,2,3,1,3,1,3,1,2,2,3,3,2,3
116.081680371795,-32.0042924350593,"125","1577836800000","1609372800000","0","2020",BD_5106-00,BD_5106-00,"23005",BD_5106-00 - Waste Transfer Station - (Amenities Building), ,0,0,4,2,3,3,4,4,4,2,2,3,4,3,2,3,2,2
116.057855974538,-31.9562779303358,"126","1577836800000","1609372800000","0","2020",BD_5029-00,BD_5029-00,"104678",BD_5029-00 - Gooseberry Hill Public (WC) - Gooseberry Hill Reserve - Public Toilet, ,0,0,3,4,4,3,2,2,4,4,3,4,4,4,3,2,3,4
116.044293979621,-32.0015095466079,"127","1577836800000","1609372800000","0","2020",BD_5086-00,BD_5086-00,"8442859",BD_5086-00 - Ray Owen Stadium - (Sports Centre), ,0,0,3,3,3,3,3,2,4,3,2,4,4,3,2,3,2,2
116.00497408388,-31.9465737390567,"128","1577836800000","1609372800000","0","2020",BD_5092-02,BD_5092-02,"56480",BD_5092-02 - Scott Reserve Pavilion - Greenkeepers Store, ,0,0,2,3,2,2,2,1,2,3,2,2,3,3,1,3,2,3
116.060648848156,-31.9784475012378,"129","1577836800000","1609372800000","0","2020",BD_5001-02,BD_5001-02,"89077",BD_5001-02 - Administration Buildings - Pump and Tank Building, ,0,0,3,3,4,3,3,4,3,3,2,4,4,3,4,4,4,4
116.061842402995,-31.9783861392281,"130","1577836800000","1609372800000","0","2020",BD_5001-04,BD_5001-04,"31201",BD_5001-04 - Administration Buildings - Store (Old Toilet), ,0,0,5,4,4,4,4,5,5,5,3,4,3,4,4,3,3,4
116.057803060203,-31.9563413340846,"131","1577836800000","1609372800000","0","2020",BD_5027-01,BD_5027-01,"26148",BD_5027-01 - Gooseberry Hill Hall (CHC) - Shed, ,0,0,3,4,3,3,2,4,2,3,4,3,2,4,2,2,2,3
116.13215098846,-32.0345377075684,"132","1577836800000","1609372800000","0","2020",BD_5005-00,BD_5005-00,"145146",BD_5005-00 - Barton's Mill Chapel - (Chapel), ,0,0,5,5,4,5,4,5,5,6,4,4,5,4,4,5,6,4
116.132227721904,-32.0344819882093,"133","1577836800000","1609372800000","0","2020",BD_5005-01,BD_5005-01,"40940",BD_5005-01 - Barton's Mill Chapel - Cell Block, ,0,0,5,5,6,5,4,6,6,6,4,6,4,6,6,6,5,4
116.132317073278,-32.0344641205143,"134","1577836800000","1609372800000","0","2020",BD_5005-02,BD_5005-02,"20850",BD_5005-02 - Barton's Mill Chapel - Shed, ,0,0,2,2,3,2,3,2,2,1,2,3,3,1,3,1,1,3
116.05727082946,-31.974045463827,"135","1577836800000","1609372800000","0","2020",BD_5117-01,BD_5117-01,"22100",BD_5117-01 - Mens Shed - Old Vehicle Inspection Office, ,0,0,3,3,3,3,4,4,2,4,2,3,3,4,2,4,3,4
116.131720127543,-32.034581930919,"136","1577836800000","1609372800000","0","2020",BD_5009-00,BD_5009-00,"31759",BD_5009-00 - Pickering Brook Public (WC) - (Carilla Camping Public Public Toilet), ,0,0,4,4,4,4,5,4,3,3,4,3,4,4,4,5,3,4
116.003828542251,-31.998482445223,"137","1577836800000","1609372800000","0","2020",BD_5030-05,BD_5030-05,"171873",BD_5030-05 - Hartfield Country Club - Greenkeepers Shed, ,0,0,1,2,1,1,1,1,2,1,2,1,1,1,1,2,2,1
116.003859996774,-31.9986928400096,"138","1577836800000","1609372800000","0","2020",BD_5030-01,BD_5030-01,"9229",BD_5030-01 - Hartfield Country Club - Fuel Depot Shed, ,0,0,2,2,3,2,2,3,2,1,2,3,3,3,2,3,2,2
116.009513856384,-32.0023341690318,"139","1577836800000","1609372800000","0","2020",BD_5039-02,BD_5039-02,"33722",BD_5039-02 - HOUSE - 21 Lewis Road - Shed, ,0,0,2,2,2,2,3,2,1,2,2,3,1,3,2,1,3,2
116.061641676033,-31.9789012598633,"140","1577836800000","1609372800000","0","2020",BD_5056-09,BD_5056-09,"1496422",BD_5056-09 - Kalamunda Wet N Wild - Main Pool, ,0,0,5,3,4,4,5,5,4,3,3,3,5,4,3,5,4,4
116.071780125038,-31.9925275544919,"141","1577836800000","1609372800000","0","2020",BD_5016-00,BD_5016-00,"484139",BD_5016-00 - Depot Buildings - [New] Offices, ,0,0,1,2,1,1,1,1,1,1,2,1,1,1,2,1,1,1
115.996000054472,-31.9446555926692,"142","1577836800000","1609372800000","0","2020",BD_5019-00,BD_5019-00,"133058",BD_5019-00 - Fleming Reserve Public (WC) - Fleming Reserve - Public Toilet, ,0,0,2,3,2,2,3,2,1,2,3,3,1,2,3,2,1,1
116.072738974594,-31.9921182555019,"143","1577836800000","1609372800000","0","2020",BD_5016-13,BD_5016-13,"26039",BD_5016-13 - Depot buildings - Material Storage Bay Shelter, ,0,0,4,4,5,4,5,3,5,5,3,5,5,5,5,4,3,4
116.070816066889,-31.9925207127263,"144","1577836800000","1609372800000","0","2020",BD_5016-15,BD_5016-15,"31028",BD_5016-15 - Depot buildings - Amenities, ,0,0,4,4,4,4,5,4,3,5,3,4,4,5,3,3,3,3
116.07206990719,-31.9920463447289,"145","1577836800000","1609372800000","0","2020",BD_5016-20,BD_5016-20,"107887",BD_5016-20 - Depot buildings - Drainage & Cement Store, ,0,0,4,5,3,4,4,5,3,4,5,3,3,3,4,3,3,3
116.059611736761,-31.9705798423575,"146","1577836800000","1609372800000","0","2020",BD_5037-00,BD_5037-00,"36598",BD_5037-00 - History Village - (Main Entrance), ,0,0,6,5,6,6,5,6,6,5,5,6,5,6,6,6,5,6
116.059483711188,-31.9705754233056,"147","1577836800000","1609372800000","0","2020",BD_5037-16,BD_5037-16,"45578",BD_5037-16 - History Village - 5037Carriage/Workshop - Kalamunda Library grounds, ,0,0,6,6,6,6,6,6,5,5,6,6,6,5,6,6,5,6
116.05919433402,-31.9697992216141,"148","1577836800000","1609372800000","0","2020",BD_5037-09,BD_5037-09,"16656",BD_5037-09 - History Village - 1901-1921 Post Office, ,0,0,6,6,6,6,5,6,6,6,6,6,5,6,5,6,5,6
116.058959590103,-31.9693419230017,"149","1577836800000","1609372800000","0","2020",BD_5037-13,BD_5037-13,"170686",BD_5037-13 - History Village - Kalamunda Community Memorial Building, ,0,0,1,2,1,1,1,2,1,1,2,1,1,1,2,1,2,1
116.059445136821,-31.9704049119171,"150","1577836800000","1609372800000","0","2020",BD_5037-15,BD_5037-15,"20398",BD_5037-15 - History Village - Whim Shelter, ,0,0,4,4,4,4,3,4,5,3,4,5,3,5,3,4,5,5
116.043158388258,-32.0031015310365,"151","1577836800000","1609372800000","0","2020",BD_5047-01,BD_5047-01,"1320",BD_5047-01 - Kalamunda BMX Track - Officials Box Office, ,0,0,3,3,3,3,2,3,3,2,3,3,3,4,2,4,2,4
116.056235744401,-31.9766763739253,"152","1577836800000","1609372800000","0","2020",BD_5058-00,BD_5058-00,"153548",BD_5058-00 - Kostera Oval - (Kiosk), ,0,0,3,4,3,3,3,4,3,4,4,4,2,2,4,2,4,3
116.050495040048,-31.9920445042122,"153","1577836800000","1609372800000","0","2020",BD_5063-01,BD_5063-01,"15485",BD_5063-01 - Lesmurdie Scout Group - Garage, ,0,0,2,1,2,2,2,2,3,1,1,1,3,1,2,1,2,1
116.029233725021,-31.9489382384451,"154","1577836800000","1609372800000","0","2020",BD_5067-01,BD_5067-01,"11083",BD_5067-01 - Maida Vale Preschool - Shed, ,0,0,3,4,3,3,4,2,3,4,3,3,3,3,3,3,4,3
116.02553198065,-31.9479835073719,"155","1577836800000","1609372800000","0","2020",BD_5068-00,BD_5068-00,"43187",BD_5068-00 - Maida Vale Reserve Kiosk - (Kiosk), ,0,0,3,4,3,3,4,2,3,3,4,4,4,2,2,4,2,4
116.025370241708,-31.9482649639117,"156","1577836800000","1609372800000","0","2020",BD_5069-01,BD_5069-01,"15222",BD_5069-01 - Maida Vale Reserve Public (WC) - Baseball Shelters, ,0,0,3,4,4,4,3,3,4,5,3,5,5,3,4,5,5,3
116.05518784599,-31.967554909435,"157","1577836800000","1609372800000","0","2020",BD_5076-01,BD_5076-01,"28497",BD_5076-01 - Overflow Cottage - Garage, ,0,0,2,2,2,2,2,2,1,2,2,2,1,3,1,2,1,1
116.109503496557,-32.0335011613662,"158","1577836800000","1609372800000","0","2020",BD_5080-00,BD_5080-00,"3082287",BD_5080-00 - Pickering Brook Sports Club - (Clubhouse), ,0,0,3,3,3,3,4,2,3,3,2,3,2,4,3,4,2,4
116.109511622046,-32.0342511503297,"159","1577836800000","1609372800000","0","2020",BD_5080-01,BD_5080-01,"496837",BD_5080-01 - Pickering Brook Sports Club - Changerooms, ,0,0,3,4,4,3,4,2,4,4,3,4,4,4,4,4,4,2
116.109216496351,-32.0335263204002,"160","1577836800000","1609372800000","0","2020",BD_5080-02,BD_5080-02,"10381",BD_5080-02 - Pickering Brook Sports Club - Equipment Shed, ,0,0,3,3,3,3,4,3,2,2,3,3,2,3,4,3,4,2
116.108839457582,-32.0339659708412,"161","1577836800000","1609372800000","0","2020",BD_5080-03,BD_5080-03,"34171",BD_5080-03 - Pickering Brook Sports Club - Green Keepers Shed, ,0,0,3,4,3,3,2,4,4,3,4,3,2,3,3,3,3,3
116.11061838807,-32.0326572984932,"162","1577836800000","1609372800000","0","2020",BD_5080-04,BD_5080-04,"28086",BD_5080-04 - Pickering Brook Sports Club - Tennis Courts Shelter, ,0,0,4,3,3,3,4,3,4,2,3,4,2,2,2,3,2,4
116.11055485608,-32.0327106734522,"163","1577836800000","1609372800000","0","2020",BD_5081-01,BD_5081-01,"23558",BD_5081-01 - Alan Fernie Pavilion (Ex- Pool) - Pool Filter Shed, ,0,0,3,4,3,3,2,2,4,4,3,4,2,3,2,2,2,4
116.110339806911,-32.0328392309471,"164","1577836800000","1609372800000","0","2020",BD_5081-00,BD_5081-00,"1328054",BD_5081-00 - Alan Fernie Pavilion (Ex- Pool) - Alan Fernie Pavilion, ,0,0,3,4,3,3,2,3,3,4,3,2,3,3,3,2,3,3
116.056387448231,-31.9691735534454,"165","1577836800000","1609372800000","0","2020",BD_5098-00,BD_5098-00,"92201",BD_5098-00 - Stirk Park Sound Shell - (Sound Shell), ,0,0,2,2,2,2,2,1,2,1,2,1,1,3,2,2,2,3
116.057947953082,-31.9722468561976,"166","1577836800000","1609372800000","0","2020",BD_5099-01,BD_5099-01,"29236",BD_5099-01 - Town Square Hall - Rotunda, ,0,0,5,5,6,5,6,4,5,4,5,6,5,5,6,5,5,4
115.993575485293,-31.9978079891219,"167","1577836800000","1609372800000","0","2020",BD_5101-02,BD_5101-02,"394720",BD_5101-02 - Vintage Car Club - Storage Shed, ,0,0,4,3,3,4,4,4,4,4,2,3,2,4,4,3,4,3
115.992500027618,-31.9967474265613,"168","1577836800000","1609372800000","0","2020",BD_5102-01,BD_5102-01,"6327",BD_5102-01 - Vintage Car Club - House - Residence - Shed, ,0,0,2,2,2,2,2,3,1,2,1,1,3,2,3,1,3,3
116.073875300187,-31.9984053824637,"169","1577836800000","1609372800000","0","2020",BD_5105-01,BD_5105-01,"9871",BD_5105-01 - Grove Road Centre - Shed, ,0,0,4,4,3,3,4,3,4,4,3,4,2,4,3,4,2,3
116.039987587152,-32.0211747514899,"170","1577836800000","1609372800000","0","2020",BD_5109-00,BD_5109-00,"2177892",BD_5109-00 - Kanyana Wildlife Center - (Brownie House), ,0,0,3,5,4,3,3,3,3,4,5,4,3,4,3,5,4,4
116.040909946752,-32.0198149878978,"171","1577836800000","1609372800000","0","2020",BD_5109-02,BD_5109-02,"409502",BD_5109-02 - Kanyana Wildlife Center - Caretakers House, ,0,0,5,5,4,4,5,5,4,4,5,4,3,5,4,4,3,3
116.040756953141,-32.02009990991,"172","1577836800000","1609372800000","0","2020",BD_5109-03,BD_5109-03,"39380",BD_5109-03 - Kanyana Wildlife Center - Shed 1, ,0,0,3,2,2,2,2,3,3,2,1,2,1,2,2,2,1,3
116.040973497815,-32.0209357277074,"173","1577836800000","1609372800000","0","2020",BD_5109-09,BD_5109-09,"1391132",BD_5109-09 - Kanyana Wildlife Center - Kanyana House, ,0,0,4,3,4,4,3,3,5,3,3,5,3,5,3,3,3,5
116.041829542057,-32.0204537725968,"174","1577836800000","1609372800000","0","2020",BD_5109-04,BD_5109-04,"94781",BD_5109-04 - Kanyana Wildlife Center - Rangers Hut, ,0,0,4,3,5,4,4,4,3,3,3,4,5,5,4,3,4,5
116.090496075748,-32.019583198519,"175","1577836800000","1609372800000","0","2020",BD_5010-01,BD_5010-01,"11879",BD_5010-01 - Carmel Hall - Store Shed, ,0,0,2,1,3,2,3,1,2,1,1,3,3,2,2,1,2,3
116.090576332304,-32.0195829182351,"176","1577836800000","1609372800000","0","2020",BD_5010-02,BD_5010-02,"123057",BD_5010-02 - Carmel Hall - Toilets, ,0,0,4,4,4,4,4,4,4,4,4,3,3,4,5,3,5,5
116.084996733952,-32.0178556983159,"177","1577836800000","1609372800000","0","2020",BD_5011-04,BD_5011-04,"52570",BD_5011-04 - Carmel School (SCOUTS) - Toilets, ,0,0,1,2,2,2,2,1,1,2,2,1,2,1,3,2,3,2
116.059316256805,-31.9696477660196,"178","1577836800000","1609372800000","0","2020",BD_5037-04,BD_5037-04,"8919",BD_5037-04 - History Village - Blacksmith, ,0,0,5,6,6,5,5,6,5,6,5,5,6,6,6,5,6,5
116.061882061156,-31.9787415124951,"179","1577836800000","1609372800000","0","2020",BD_5056-05,BD_5056-05,"10094",BD_5056-05 - Kalamunda Wet N Wild - Shade Structure (Type A), ,0,0,4,5,4,4,5,4,4,5,5,4,4,4,3,3,3,3
116.061841669829,-31.9789130784904,"180","1577836800000","1609372800000","0","2020",BD_5056-06,BD_5056-06,"13115",BD_5056-06 - Kalamunda Wet N Wild - Shade Structure (Type B), ,0,0,4,4,4,4,5,4,4,5,3,5,3,4,3,4,4,4
116.061925921546,-31.979170439922,"181","1577836800000","1609372800000","0","2020",BD_5056-07,BD_5056-07,"30376",BD_5056-07 - Kalamunda Wet N Wild - Shade Structure (Type C), ,0,0,4,4,4,4,4,4,4,5,3,4,4,5,3,5,5,4
116.061454446672,-31.9790072794606,"182","1577836800000","1609372800000","0","2020",BD_5056-10,BD_5056-10,"249023",BD_5056-10 - Kalamunda Wet N Wild - Slides, ,0,0,3,3,4,3,3,4,3,3,3,5,3,4,5,3,3,4
116.026377617021,-31.9489524494133,"183","1577836800000","1609372800000","0","2020",BD_5069-00,BD_5069-00,"47705",BD_5069-00 - Maida Vale Reserve Public (WC) - (Public Toilet), ,0,0,4,3,3,4,4,4,4,2,4,2,4,2,2,4,3,4
116.039737142243,-32.0211238973174,"184","1577836800000","1609372800000","0","2020",BD_5109-01,BD_5109-01,"30237",BD_5109-01 - Kanyana Wildlife Center - Brownie House Toilet Block, ,0,0,5,4,4,4,4,5,5,3,5,4,5,3,3,5,5,4
116.072686949353,-31.9924928259606,"185","1577836800000","1609372800000","0","2020",BD_5093-00,BD_5093-00,"289369",BD_5093-00 - SES buildings - 5093(SES/Volunteer Bush Fire Brigade - SES Offices & Garage, ,0,0,4,5,4,4,4,4,4,5,4,4,3,5,4,4,5,4
116.072413621046,-31.99249227813,"186","1577836800000","1609372800000","0","2020",BD_5006-00,BD_5006-00,"714215",BD_5006-00 - Fire Brigade buildings - (SES/Volunteer Fire Brigade) - Offices & Meeting Rooms, ,0,0,4,5,4,4,4,5,3,5,5,4,4,3,3,5,5,5
116.071187627107,-31.9920848820299,"187","1577836800000","1609372800000","0","2020",BD_5016-03,BD_5016-03,"93188",BD_5016-03 - Depot buildings - Minor Plant & Tyre Store, ,0,0,4,5,4,4,4,5,3,4,5,3,5,5,4,5,3,5
116.070661716176,-31.9923293146614,"188","1577836800000","1609372800000","0","2020",BD_5016-19,BD_5016-19,"332103",BD_5016-19 - Depot buildings - Office and Store (Walliston Operations Centre), ,0,0,4,5,5,4,4,4,3,5,5,5,5,4,5,3,4,4
116.057110284108,-31.9743645403713,"189","1577836800000","1609372800000","0","2020",BD_5100-00,BD_5100-00,"250396",BD_5100-00 - Toy Library - (Kalamunda & Districts Toy Library), ,0,0,6,5,6,5,6,6,5,4,5,5,6,5,6,4,6,5
116.057285406829,-31.9739868539387,"190","1577836800000","1609372800000","0","2020",BD_5008-00,BD_5008-00,"22887",BD_5008-00 - Bus Depot - Public Toilet, ,0,0,4,4,4,4,4,5,3,5,3,4,4,4,4,3,4,3
116.005450820345,-31.9989000453169,"191","1577836800000","1609372800000","0","2020",BD_5030-00,BD_5030-00,"3071337",BD_5030-00 - Hartfield Country Club - (Hartfield Country/Golf Club), ,0,0,3,2,3,3,2,4,4,2,2,4,3,2,3,2,3,3
116.059230516652,-31.9701333349895,"192","1577836800000","1609372800000","0","2020",BD_5037-03,BD_5037-03,"477480",BD_5037-03 - History Village - 1927-1949 Railway Station, ,0,0,6,6,6,6,6,6,5,5,6,6,6,5,5,6,6,5
116.010249471572,-32.0017193843702,"193","1577836800000","1609372800000","0","2020",BD_5065-00,BD_5065-00,"3202009",BD_5065-00 - Wattle Grove TAFE - (Lewis Road TAFE Centre), ,0,0,3,3,4,3,4,2,3,4,2,3,3,4,4,3,2,3
116.056756488809,-31.9764377212557,"194","1577836800000","1609372800000","0","2020",BD_5053-01,BD_5053-01,"166413",BD_5053-01 - Kalamunda Performing Arts - Kalamunda Agricultural Hall, ,0,0,4,5,4,4,3,4,4,5,4,3,5,5,4,5,4,5
116.081657393093,-32.0031410171405,"195","1577836800000","1609372800000","0","2020",BD_5054-02,BD_5054-02,"125206",BD_5054-02 - Kalamunda Pistol Club - Indoor Range, ,0,0,2,2,2,2,3,3,1,1,2,1,3,1,2,1,3,1
116.081671907628,-32.0032242691208,"196","1577836800000","1609372800000","0","2020",BD_5054-00,BD_5054-00,"92763",BD_5054-00 - Kalamunda Pistol Club - (Kalamunda Pistol Club Clubrooms), ,0,0,3,4,3,3,3,2,4,4,4,2,2,2,4,2,3,3
116.081438413004,-32.0019297778553,"197","1577836800000","1609372800000","0","2020",BD_5055-01,BD_5055-01,"48662",BD_5055-01 - Kalamunda Rifle Club - Covered Firing Mound, ,0,0,2,2,2,2,2,2,1,2,2,2,2,1,2,3,1,1
116.062093829288,-31.9793389839455,"198","1577836800000","1609372800000","0","2020",BD_5056-08,BD_5056-08,"38858",BD_5056-08 - Kalamunda Wet N Wild - Entrance canopy, ,0,0,4,4,5,4,3,4,5,4,3,5,3,5,5,3,5,5
115.997241316423,-31.9942449985098,"199","1577836800000","1609372800000","0","2020",BD_5031-00,BD_5031-00,"4091695",BD_5031-00 - Hartfield Park - (Recreation Centre), ,0,0,3,4,3,3,2,4,2,4,4,4,3,3,2,3,3,3
116.007436179687,-31.988443782608,"200","1577836800000","1609372800000","0","2020",BD_5114-00,BD_5114-00,"2103653",BD_5114-00 - Woodlupine Family Centre - (Woodlupine Family Centre), ,0,0,1,3,2,2,1,2,1,2,3,3,3,1,2,1,1,1
116.059917488121,-31.9707846771791,"201","1577836800000","1609372800000","0","2020",BD_5125-02,BD_5125-02,"157925",BD_5125-02 - Zig-Zag Community Centre - Cafe, ,0,0,1,2,2,1,1,1,1,2,1,2,2,1,2,1,1,1
116.059809987161,-31.9706562381615,"202","1577836800000","1609372800000","0","2020",BD_5125-04,BD_5125-04,"138496",BD_5125-04 - Zig-Zag Community Centre - Seminar Room, ,0,0,1,1,1,1,2,1,1,1,1,1,2,1,1,1,1,1
116.059891030218,-31.9706258632168,"203","1577836800000","1609372800000","0","2020",BD_5125-03,BD_5125-03,"29861",BD_5125-03 - Zig-Zag Community Centre - Public Toilets, ,0,0,2,2,2,2,2,2,1,2,1,1,2,1,2,1,2,2
116.059717922351,-31.9707950635371,"204","1577836800000","1609372800000","0","2020",BD_5125-00,BD_5125-00,"390184",BD_5125-00 - Zig-Zag Community Centre - (Visitor centre), ,0,0,1,2,1,1,1,1,1,1,2,1,1,1,2,1,1,1
116.059578153157,-31.970786345314,"205","1577836800000","1609372800000","0","2020",BD_5125-01,BD_5125-01,"383920",BD_5125-01 - Zig-Zag Community Centre - Art Gallery, ,0,0,2,2,1,2,2,2,1,2,1,1,1,2,1,2,1,1
116.010947427043,-31.993983368625,"206","1577836800000","1609372800000","0","2020",BD_5021-00,BD_5021-00,"565815",BD_5021-00 - Edinburgh Road Centre (FIRS) - Edinburgh Centre, ,0,0,3,4,3,3,3,3,3,3,4,2,4,2,3,2,4,4
116.011019635821,-31.9937259888538,"207","1577836800000","1609372800000","0","2020",BD_5021-01,BD_5021-01,"13191",BD_5021-01 - Edinburgh Road Centre (FIRS) - Shed, ,0,0,4,4,4,4,4,4,3,4,4,4,4,3,4,3,2,2
116.044173897446,-32.0017334533966,"208","1577836800000","1609372800000","0","2020",BD_5085-03,BD_5085-03,"793336",BD_5085-03 - Ray Owen Pavilion - [New] Canteen, ,0,0,4,4,3,4,4,4,3,4,4,3,3,4,3,3,5,4
116.016539569667,-31.9866127133554,"209","1577836800000","1609372800000","0","2020",BD_5079-02,BD_5079-02,"248883",BD_5079-02 - Peter Anderton Centre (HACC) - [New] Extension, ,0,0,4,5,5,4,4,5,3,5,4,5,5,4,4,4,5,4
116.016356342101,-31.9867469649843,"210","1577836800000","1609372800000","0","2020",BD_5079-03,BD_5079-03,"273345",BD_5079-03 - Peter Anderton Centre (HACC) - [New] Garage, ,0,0,5,5,4,4,5,5,4,5,4,4,4,4,4,3,4,5
116.065456585792,-31.972144245355,"211","1577836800000","1609372800000","0","2020",BD_5043-01,BD_5043-01,"14688",BD_5043-01 - Jorgensen Park Pavilion - 5043Kiln, ,0,0,1,2,2,2,1,2,1,2,1,1,3,1,2,3,1,3
116.009858444084,-32.0025278833755,"212","1577836800000","1609372800000","0","2020",BD_5039-01,BD_5039-01,"17483",BD_5039-01 - HOUSE - 21 Lewis Road - Studio, ,0,0,2,2,1,2,3,1,3,1,3,1,1,1,1,2,3,2
116.040541677667,-32.0202293802139,"213","1577836800000","1609372800000","0","2020",BD_5109-06,BD_5109-06,"39380",BD_5109-06 - Kanyana Wildlife Center - Shed 4, ,0,0,3,4,4,3,3,2,3,4,3,3,4,4,4,4,4,4
116.040635593536,-32.0200813752668,"214","1577836800000","1609372800000","0","2020",BD_5109-07,BD_5109-07,"6260",BD_5109-07 - Kanyana Wildlife Center - Shelter near Shed 1, ,0,0,3,3,2,3,3,2,3,2,3,2,2,3,2,4,4,3
116.04064895862,-32.0201573354899,"215","1577836800000","1609372800000","0","2020",BD_5109-08,BD_5109-08,"6440",BD_5109-08 - Kanyana Wildlife Center - Shed 2 (Pump House), ,0,0,4,4,3,4,4,4,4,4,4,4,2,3,4,2,3,2
116.040619358918,-32.0201968561816,"216","1577836800000","1609372800000","0","2020",BD_5109-11,BD_5109-11,"7464",BD_5109-11 - Kanyana Wildlife Center - Shed 3, ,0,0,2,3,3,2,3,2,2,4,2,3,2,2,4,2,2,2
116.04185327067,-32.0203347822079,"217","1577836800000","1609372800000","0","2020",BD_5109-05,BD_5109-05,"56539",BD_5109-05 - Kanyana Wildlife Center - Rangers Hut Toilet Block, ,0,0,4,4,4,4,5,4,4,3,5,4,3,4,3,3,5,5
116.045581630443,-32.0090305260292,"218","1577836800000","1609372800000","0","2020",BD_5062-01,BD_5062-01,"36166",BD_5062-01 - Sanderson Road Centre - prev. Lesmurdie Preschool - Garage, ,0,0,3,4,3,3,2,4,2,3,4,4,3,2,2,4,3,2
116.081603283142,-32.0042919905483,"219","1577836800000","1609372800000","0","2020",BD_5106-03,BD_5106-03,"9227",BD_5106-03 - Waste Transfer Station - Waste Oil & Tyre Storage Units, ,0,0,2,2,2,2,1,2,2,1,2,1,3,3,2,2,3,2
116.016750528329,-31.9873293656462,"220","1577836800000","1609372800000","0","2020",BD_5003-03,BD_5003-03,"18115",BD_5003-03 - Anderson Road Community Centre (Primary School) - Toilet Block, ,0,0,4,4,4,4,3,3,5,4,3,3,3,5,5,5,5,4
116.073020256468,-31.9922719684856,"221","1577836800000","1609372800000","0","2020",BD_5017-01,BD_5017-01,"6812",BD_5017-01 - Dog pound - Brick Storage Shed, ,0,0,3,4,4,3,3,3,4,4,3,3,3,4,4,2,3,3
116.061945961437,-31.9795061699088,"222","1577836800000","1609372800000","0","2020",BD_5056-13,BD_5056-13,"140090",BD_5056-13 - Kalamunda Wet N Wild - Kiddies Pool, ,0,0,4,4,4,4,4,4,5,4,3,4,4,4,3,4,4,3
116.081791323583,-32.0032964819016,"223","1577836800000","1609372800000","0","2020",BD_5054-01,BD_5054-01,"69199",BD_5054-01 - Kalamunda Pistol Club - Controllers Booth (Sea Container), ,0,0,4,3,3,3,3,4,4,4,2,4,2,4,3,4,3,3
116.081520432168,-32.0034183352475,"224","1577836800000","1609372800000","0","2020",BD_5054-03,BD_5054-03,"6210",BD_5054-03 - Kalamunda Pistol Club - Brick Store, ,0,0,3,4,3,3,3,3,3,4,3,3,3,4,2,3,3,3
116.060963774991,-31.9787863364297,"225","1577836800000","1609372800000","0","2020",BD_5056-14,BD_5056-14,"107046",BD_5056-14 - Kalamunda Wet N Wild - Gas Chlorinator, ,0,0,1,1,1,1,1,2,1,1,1,1,2,1,1,1,1,1
116.00072037269,-31.992495241338,"226","1577836800000","1609372800000","0","2020",BD_5072-01,BD_5072-01,"135524","BD_5072-01 - Morrison Oval - 5072(Public Toilet, ground level)", ,0,0,3,3,3,3,3,3,3,4,2,2,3,3,4,3,3,2
116.062187166608,-31.9794912643045,"227","1577836800000","1609372800000","0","2020",BD_5056-16,BD_5056-16,"59175",BD_5056-16 - Kalamunda Wet N Wild - Shade Structure (Type D), ,0,0,4,5,4,4,3,4,5,5,5,4,4,4,4,4,4,5
116.061865700312,-31.9792040261809,"228","1577836800000","1609372800000","0","2020",BD_5056-15,BD_5056-15,"298004",BD_5056-15 - Kalamunda Wet N Wild - Learning Pool, ,0,0,4,5,4,4,3,5,5,5,5,3,4,3,5,5,4,3
116.06171561129,-31.9793785819251,"229","1577836800000","1609372800000","0","2020",BD_5056-17,BD_5056-17,"35976",BD_5056-17 - Kalamunda Wet N Wild - Shade Structure (Type E), ,0,0,4,5,4,4,4,4,3,4,5,5,3,5,4,3,3,5
